{
  "session_id": "8c7abb06-81ff-45eb-8d9d-b30c613c3f39",
  "summary": {
    "total_trades": 108,
    "win_rate": 0.7407407407407407,
    "total_pnl": 91006.0
  },
  "behavioral_profile": {
    "trading_style": "reactive_emotional",
    "dominant_cluster": "balanced_tactical",
    "dominant_emotion": "calm"
  },
  "biases": {
    "loss_aversion_lambda": 1.5,
    "disposition_score": 2.857142857142857,
    "revenge_trading_rate": 0.20546768249479325,
    "early_exit_rate": 0.25
  },
  "risk_profile": {
    "var95": -0.020650623885918002,
    "best_regime": "trending_bullish",
    "worst_regime": "risk_off"
  },
  "anomaly": {
    "anomaly_rate": 0.10185185185185185,
    "anomaly_count": 11
  },
  "digital_twin": {
    "simulated_equity_curve": [
      91581.69388086264,
      92368.25776867807,
      92669.27943545795,
      92296.36157838389,
      95255.8017177501,
      96066.84316847379,
      96176.49207475278,
      97318.7052849385,
      99990.74541138866,
      100771.93337439769,
      103141.52279852118,
      103352.77571372621,
      106978.85726030893,
      108848.87005146877,
      108282.21088190514,
      109348.24151906879,
      112598.66545099406,
      111849.42557602335,
      111045.48226576443,
      113941.90081781184,
      115511.408358499,
      116497.05983328036,
      117397.19703566362,
      118736.17439821981,
      122318.16208474725,
      122843.85478788396,
      123623.33138674525,
      124627.42385004836,
      124394.06150768948,
      125017.57843298835,
      127542.42610012845,
      128963.10972640017,
      128794.01557371278,
      128096.29932695415,
      129724.94915959628,
      133425.08476796924,
      134140.00189604118,
      134050.4054413676,
      135604.76717838418,
      134984.3412789497,
      134634.6596738799,
      134379.7578171877,
      135407.78786223664,
      135259.0151113067,
      134807.47153930023,
      134012.1258105049,
      133033.12550516095,
      134419.63958733337,
      135361.423578393,
      135625.8388355823
    ],
    "projected_drawdown": 575.6938808626437
  },
  "xai_attribution": [
    {
      "trade_index": 28,
      "pnl": -2100.0,
      "attribution": {
        "pnl": -1494.8267616413161,
        "holding_duration": -737.2069561738732,
        "revenge_score": -117.51433596608007
      }
    },
    {
      "trade_index": 19,
      "pnl": -875.0,
      "attribution": {
        "pnl": -1185.533766997901,
        "holding_duration": -452.63906314561905,
        "early_exit": -48.85893893689866
      }
    },
    {
      "trade_index": 75,
      "pnl": -800.0,
      "attribution": {
        "pnl": -1164.6435466209641,
        "holding_duration": -567.5800747868205,
        "early_exit": -47.91378620560104
      }
    },
    {
      "trade_index": 32,
      "pnl": -750.0,
      "attribution": {
        "pnl": -1135.8785782940254,
        "holding_duration": -414.63911112573095,
        "early_exit": -39.57065820080459
      }
    },
    {
      "trade_index": 57,
      "pnl": -600.0,
      "attribution": {
        "pnl": -1024.384831676799,
        "holding_duration": -385.9954837337262,
        "early_exit": -34.622832233188284
      }
    }
  ]
}